{"cameraMode":{"drawMode":0,"name":"Shaded","section":"Shading Mode"},"sceneLighting":false,"audioPlay":false,"sceneViewState":{"m_AlwaysRefresh":false,"showFog":true,"showSkybox":false,"showFlares":true,"showImageEffects":true,"showParticleSystems":true,"showVisualEffectGraphs":true,"m_FxEnabled":true},"in2DMode":false,"pivot":{"x":-0.13215327262878419,"y":0.025000035762786866,"z":0.38113629817962649},"rotation":{"x":-0.020113330334424974,"y":0.9656713604927063,"z":-0.07869060337543488,"w":-0.24678264558315278},"size":1.5743255615234376,"orthographic":false}