{"cameraMode":{"drawMode":0,"name":"Shaded","section":"Shading Mode"},"sceneLighting":false,"audioPlay":false,"sceneViewState":{"m_AlwaysRefresh":false,"showFog":true,"showSkybox":false,"showFlares":true,"showImageEffects":true,"showParticleSystems":true,"showVisualEffectGraphs":true,"m_FxEnabled":true},"in2DMode":false,"pivot":{"x":-0.01154184341430664,"y":-1.160215139389038,"z":0.0043239593505859379},"rotation":{"x":-0.009608495980501175,"y":0.45828860998153689,"z":-0.0049516670405864719,"w":-0.8887437582015991},"size":3.9469945430755617,"orthographic":false}