{"cameraMode":{"drawMode":0,"name":"Shaded","section":"Shading Mode"},"sceneLighting":false,"audioPlay":false,"sceneViewState":{"m_AlwaysRefresh":false,"showFog":true,"showSkybox":false,"showFlares":true,"showImageEffects":true,"showParticleSystems":true,"showVisualEffectGraphs":true,"m_FxEnabled":true},"in2DMode":false,"pivot":{"x":-1.1920928955078126e-7,"y":0.1592525839805603,"z":1.1920928955078126e-7},"rotation":{"x":-0.020113330334424974,"y":0.9656713604927063,"z":-0.07869060337543488,"w":-0.24678264558315278},"size":1.6439601182937623,"orthographic":false}